<?xml version="1.0" encoding="UTF-8"?>
<beans:beans xmlns="http://www.springframework.org/schema/mvc"
	xmlns:xsi="http://www.w3.org/2001/XMLSchema-instance"
	xmlns:beans="http://www.springframework.org/schema/beans"
	xmlns:context="http://www.springframework.org/schema/context"
	xsi:schemaLocation="http://www.springframework.org/schema/mvc https://www.springframework.org/schema/mvc/spring-mvc.xsd
		http://www.springframework.org/schema/beans https://www.springframework.org/schema/beans/spring-beans.xsd
		http://www.springframework.org/schema/context https://www.springframework.org/schema/context/spring-context.xsd">
	
	
	<beans:bean id="dataSource"
      class="org.springframework.jdbc.datasource.DriverManagerDataSource">
      <beans:property name="driverClassName"
         value="com.mysql.jdbc.Driver" />
      <beans:property name="url"
         value="jdbc:mysql://localhost/user?allowPublicKeyRetrieval=true&amp;useSSL=false" />
      <beans:property name="username" value="root" />
      <beans:property name="password" value="1234" />
   </beans:bean>

   <beans:bean id="jdbcTemplate"
      class="org.springframework.jdbc.core.JdbcTemplate">
      <beans:constructor-arg ref="dataSource" />
   </beans:bean>

   <beans:bean id="transactionManager"
      class="org.springframework.jdbc.datasource.DataSourceTransactionManager">
      <beans:constructor-arg ref="dataSource" />
   </beans:bean>
	
	
	<!-- DispatcherServlet Context: defines this servlet's request-processing infrastructure -->
	
	<!-- Enables the Spring MVC @Controller programming model -->
	<annotation-driven />

	<!-- Handles HTTP GET requests for /resources/** by efficiently serving up static resources in the ${webappRoot}/resources directory -->
	<resources mapping="/resources/**" location="/resources/" />

	<!-- Resolves views selected for rendering by @Controllers to .jsp resources in the /WEB-INF/views directory -->
	<beans:bean class="org.springframework.web.servlet.view.InternalResourceViewResolver">
		<beans:property name="prefix" value="/WEB-INF/views/" />
		<beans:property name="suffix" value=".jsp" />
	</beans:bean>
	
	<context:component-scan base-package="jp.ken.hotel" />
	
	
	
</beans:beans>
